INSERT INTO
    user (id, name, points, icon, birth_date)
VALUES
    (1,  'Luan Ribeiro',    200, 'icon-1',       STR_TO_DATE('1987-03-09', '%Y-%m-%d')),
    (2,  'Natália Santos',  180, 'icon-3',       STR_TO_DATE('1991-07-21', '%Y-%m-%d')),
    (3,  'Otávio Cunha',    240, 'icon-default', STR_TO_DATE('1985-02-11', '%Y-%m-%d')),
    (4,  'Paula Ribeiro',   290, 'icon-4',       STR_TO_DATE('1992-11-05', '%Y-%m-%d')),
    (5,  'Rafael Carvalho', 120, 'icon-3',       STR_TO_DATE('1989-08-13', '%Y-%m-%d')),
    (6,  'Sabrina Torres',  340, 'icon-1',       STR_TO_DATE('1995-12-23', '%Y-%m-%d')),
    (7,  'Thiago Melo',     260, 'icon-6',       STR_TO_DATE('1990-05-10', '%Y-%m-%d')),
    (8,  'Valéria Costa',   310, 'icon-6',       STR_TO_DATE('1988-10-18', '%Y-%m-%d')),
    (9,  'William Rocha',   150, 'icon-1',       STR_TO_DATE('1993-03-27', '%Y-%m-%d')),
    (10, 'Yasmin Almeida',  220, 'icon-2',       STR_TO_DATE('1996-09-09', '%Y-%m-%d')),
    (11, 'Zeca Barbosa',    275, 'icon-3',       STR_TO_DATE('1986-01-20', '%Y-%m-%d')),
    (12, 'Ana Beatriz',     350, 'icon-2',       STR_TO_DATE('1984-04-15', '%Y-%m-%d')),
    (13, 'Bruno Monteiro',  130, 'icon-4',       STR_TO_DATE('1987-06-12', '%Y-%m-%d')),
    (14, 'Camila Souza',    400, 'icon-6',       STR_TO_DATE('1990-12-02', '%Y-%m-%d')),
    (15, 'Daniela Gomes',   290, 'icon-default', STR_TO_DATE('1991-07-24', '%Y-%m-%d'));

# Password is 123
INSERT INTO
    user_credential (id, email, password, email_verified)
VALUES
    (1,  'luan.ribeiro@gmail.com',     '$2a$12$6IO2Y0/vk4d0ePLReP.JcOWxkIrMzi9uucBr3j4FSlBJkWMgK3yQ2', TRUE),
    (2,  'natalia.santos@hotmail.com', '$2a$12$6IO2Y0/vk4d0ePLReP.JcOWxkIrMzi9uucBr3j4FSlBJkWMgK3yQ2', TRUE),
    (3,  'otavio.cunha@yahoo.com',     '$2a$12$6IO2Y0/vk4d0ePLReP.JcOWxkIrMzi9uucBr3j4FSlBJkWMgK3yQ2', TRUE),
    (4,  'paula.ribeiro@gmail.com',    '$2a$12$6IO2Y0/vk4d0ePLReP.JcOWxkIrMzi9uucBr3j4FSlBJkWMgK3yQ2', TRUE),
    (5,  'rafael.carvalho@gmail.com',  '$2a$12$6IO2Y0/vk4d0ePLReP.JcOWxkIrMzi9uucBr3j4FSlBJkWMgK3yQ2', TRUE),
    (6,  'sabrina.torres@hotmail.com', '$2a$12$6IO2Y0/vk4d0ePLReP.JcOWxkIrMzi9uucBr3j4FSlBJkWMgK3yQ2', TRUE),
    (7,  'thiago.melo@gmail.com',      '$2a$12$6IO2Y0/vk4d0ePLReP.JcOWxkIrMzi9uucBr3j4FSlBJkWMgK3yQ2', TRUE),
    (8,  'valeria.costa@gmail.com',    '$2a$12$6IO2Y0/vk4d0ePLReP.JcOWxkIrMzi9uucBr3j4FSlBJkWMgK3yQ2', TRUE),
    (9,  'william.rocha@yahoo.com',    '$2a$12$6IO2Y0/vk4d0ePLReP.JcOWxkIrMzi9uucBr3j4FSlBJkWMgK3yQ2', TRUE),
    (10, 'yasmin.almeida@gmail.com',   '$2a$12$6IO2Y0/vk4d0ePLReP.JcOWxkIrMzi9uucBr3j4FSlBJkWMgK3yQ2', TRUE),
    (11, 'zeca.barbosa@gmail.com',     '$2a$12$6IO2Y0/vk4d0ePLReP.JcOWxkIrMzi9uucBr3j4FSlBJkWMgK3yQ2', TRUE),
    (12, 'ana.beatriz@gmail.com',      '$2a$12$6IO2Y0/vk4d0ePLReP.JcOWxkIrMzi9uucBr3j4FSlBJkWMgK3yQ2', TRUE),
    (13, 'bruno.monteiro@hotmail.com', '$2a$12$6IO2Y0/vk4d0ePLReP.JcOWxkIrMzi9uucBr3j4FSlBJkWMgK3yQ2', TRUE),
    (14, 'camila.souza@gmail.com',     '$2a$12$6IO2Y0/vk4d0ePLReP.JcOWxkIrMzi9uucBr3j4FSlBJkWMgK3yQ2', TRUE),
    (15, 'daniela.gomes@gmail.com',    '$2a$12$6IO2Y0/vk4d0ePLReP.JcOWxkIrMzi9uucBr3j4FSlBJkWMgK3yQ2', TRUE);

INSERT INTO
    permission (id, name, api_name)
VALUES
    (1,  'Visualizar Casas de Banho',              'view-toilets'               ),
    (2,  'Pesquisar Casas de Banho',               'search-toilets'             ),
    (3,  'Sugerir Casas de Banho',                 'suggest-toilets'            ),
    (4,  'Criar Casas de Banho',                   'create-toilets'             ),
    (5,  'Apagar Casas de Banho',                  'delete-toilets'             ),
    (6,  'Desapagar Casas de Banho',               'undelete-toilets'           ),
    (7,  'Editar Casas de Banho',                  'edit-toilets'               ),
    (8,  'Denunciar Casas de Banho',               'report-toilets'             ),
    (9,  'Publicar Casas de Banho',                'publish-toilets'            ),
    (10, 'Desativar Casas de Banho',               'disable-toilets'            ),
    (11, 'Visualizar Sugestões de Casas de Banho', 'view-suggest-toilets'       ),
    (12, 'Revisar Sugestões de Casas de Banho',    'review-suggest-toilets'     ),
    (13, 'Visualizar Denúncias de Casas de Banho', 'view-report-toilets'        ),
    (14, 'Revisar Denúncias de Casas de Banho',    'review-report-toilets'      ),
    (15, 'Visualizar Comentários',                 'view-comments'              ),
    (16, 'Pesquisar Comentários',                  'search-comments'            ),
    (17, 'Criar Comentários',                      'create-comments'            ),
    (18, 'Apagar Comentários',                     'delete-comments'            ),
    (19, 'Apagar Comentários Próprios',            'delete-self-comments'       ),
    (20, 'Desapagar Comentários',                  'undelete-comments'          ),
    (21, 'Editar Comentários',                     'edit-comments'              ),
    (22, 'Denunciar Comentários',                  'report-comments'            ),
    (23, 'Reagir Comentários',                     'react-comments'             ),
    (24, 'Ocultar Comentários',                    'hide-comments'              ),
    (25, 'Visualizar Denúncias de Comentários',    'view-report-comments'       ),
    (26, 'Revisar Denúncias de Comentários',       'review-report-comments'     ),
    (27, 'Exibir Comentários',                     'show-comments'              ),
    (28, 'Visualizar Respostas',                   'view-replies'               ),
    (29, 'Pesquisar Respostas',                    'search-replies'             ),
    (30, 'Criar Respostas',                        'create-replies'             ),
    (31, 'Apagar Respostas',                       'delete-replies'             ),
    (32, 'Apagar Respostas Próprias',              'delete-self-replies'        ),
    (33, 'Desapagar Respostas',                    'undelete-replies'           ),
    (34, 'Editar Respostas',                       'edit-replies'               ),
    (35, 'Ocultar Respostas',                      'hide-replies'               ),
    (36, 'Exibir Respostas',                       'show-replies'               ),
    (37, 'Visualizar Usuários',                    'view-users'                 ),
    (38, 'Pesquisar Usuários',                     'search-users'               ),
    (39, 'Ativar Usuário',                         'activate-user'              ),
    (40, 'Criar Usuários',                         'create-users'               ),
    (41, 'Apagar Usuários',                        'delete-users'               ),
    (42, 'Apagar Usuário Próprio',                 'delete-self-user'           ),
    (43, 'Desativar Usuários',                     'deactivate-users'           ),
    (44, 'Editar Usuários',                        'edit-users'                 ),
    (45, 'Denunciar Usuários',                     'report-users'               ),
    (46, 'Visualizar Denúncias de Usuários',       'view-report-users'          ),
    (47, 'Revisar Denúncias de Usuários',          'review-report-users'        ),
    (48, 'Visualizar Cargos de Usuários',          'view-roles-users'           ),
    (49, 'Modificar Cargos de Usuários',           'modify-roles-users'         ),
    (50, 'Visualizar Parceiros',                   'view-partners'              ),
    (51, 'Gerir Parceiros',                        'manage-partners'            ),
    (52, 'Apagar Parceiros',                       'delete-partners'            ),
    (53, 'Revisar Parceiros',                      'review-partners'            ),
    (54, 'Gerir Certificados de Parceiros',        'manage-partner-certificates'),
    (55, 'Traçar Rotas',                           'route-toilets'              ),
    (56, 'Editar Comentários Próprios',            'edit-self-comments'         ),
    (57, 'Visualizar Todos os Comentários',        'view-all-comments'          );

INSERT INTO
    role (id, name, api_name)
VALUES
    (1,  'Usuário Com Comentários',                 'comments-user'         ),
    (2,  'Usuário Com Denúncias de Comentários',    'report-comments-user'  ),
    (3,  'Usuário Com Reações',                     'reaction-user'         ),
    (4,  'Usuário Com Denúncias de Casas de Banho', 'report-toilets-user'   ),
    (5,  'Usuário Com Sugestões de Casas de Banho', 'suggest-toilets-user'  ),
    (6,  'Usuário Com Denúncias de Usuários',       'report-users-user'     ),
    (7,  'Usuário Morto',                           'dead-user'             ),
    (8,  'Administrador de Comentários',            'comments-administrator'),
    (9,  'Administrador de Casas de Banho',         'toilets-administrator' ),
    (10, 'Administrador de Usuários',               'users-administrator'   ),
    (11, 'Administrador de Parceiros',              'partners-administrator'),
    (12, 'Administrador Morto',                     'dead-administrator'    ),
    (13, 'Parceiro',                                'partner'               );

INSERT INTO
    role_permission (id, role_id, permission_id)
VALUES
    (1,  1,  1 ),
    (2,  1,  2 ),
    (3,  1,  15),
    (4,  1,  17),
    (5,  1,  19),
    (6,  1,  28),
    (7,  1,  30),
    (8,  1,  32),
    (9,  1,  42),
    (10, 1,  55),
    (11, 1,  56),
    (12, 2,  1 ),
    (13, 2,  2 ),
    (14, 2,  15),
    (15, 2,  22),
    (16, 2,  28),
    (17, 2,  42),
    (18, 2,  55),
    (19, 3,  1 ),
    (20, 3,  2 ),
    (21, 3,  15),
    (22, 3,  23),
    (23, 3,  28),
    (24, 3,  42),
    (25, 3,  55),
    (26, 4,  1 ),
    (27, 4,  2 ),
    (28, 4,  8 ),
    (29, 4,  15),
    (30, 4,  28),
    (31, 4,  42),
    (32, 4,  55),
    (33, 5,  1 ),
    (34, 5,  2 ),
    (35, 5,  3 ),
    (36, 5,  15),
    (37, 5,  28),
    (38, 5,  42),
    (39, 5,  55),
    (40, 6,  1 ),
    (41, 6,  2 ),
    (42, 6,  15),
    (43, 6,  28),
    (44, 6,  42),
    (45, 6,  45),
    (46, 6,  55),
    (47, 8,  15),
    (48, 8,  16),
    (49, 8,  18),
    (50, 8,  20),
    (51, 8,  21),
    (52, 8,  24),
    (53, 8,  25),
    (54, 8,  26),
    (55, 8,  27),
    (56, 8,  28),
    (57, 8,  29),
    (58, 8,  31),
    (59, 8,  33),
    (60, 8,  34),
    (61, 8,  35),
    (62, 8,  36),
    (63, 8,  57),
    (64, 9,  1 ),
    (65, 9,  2 ),
    (66, 9,  4 ),
    (67, 9,  5 ),
    (68, 9,  6 ),
    (69, 9,  7 ),
    (70, 9,  9 ),
    (71, 9,  10),
    (72, 9,  11),
    (73, 9,  12),
    (74, 9,  13),
    (75, 9,  14),
    (76, 10, 37),
    (77, 10, 38),
    (78, 10, 39),
    (79, 10, 40),
    (80, 10, 41),
    (81, 10, 43),
    (82, 10, 44),
    (83, 10, 46),
    (84, 10, 47),
    (85, 10, 48),
    (86, 10, 49),
    (87, 11, 50),
    (88, 11, 51),
    (89, 11, 52),
    (90, 11, 53),
    (91, 11, 54);

INSERT INTO
    user_role (id, user_id, role_id)
VALUES
    (1,  1,  1 ),
    (2,  1,  2 ),
    (3,  1,  3 ),
    (4,  1,  4 ),
    (5,  1,  5 ),
    (6,  1,  6 ),
    (7,  2,  1 ),
    (8,  2,  2 ),
    (9,  2,  3 ),
    (10, 2,  4 ),
    (11, 2,  5 ),
    (12, 2,  6 ),
    (13, 3,  1 ),
    (14, 3,  2 ),
    (15, 3,  3 ),
    (16, 3,  4 ),
    (17, 3,  5 ),
    (18, 3,  6 ),
    (19, 4,  1 ),
    (20, 4,  2 ),
    (21, 4,  3 ),
    (22, 4,  4 ),
    (23, 4,  5 ),
    (24, 4,  6 ),
    (25, 5,  1 ),
    (26, 5,  2 ),
    (27, 5,  3 ),
    (28, 5,  4 ),
    (29, 5,  5 ),
    (30, 5,  6 ),
    (31, 6,  1 ),
    (32, 6,  2 ),
    (33, 6,  3 ),
    (34, 6,  4 ),
    (35, 6,  5 ),
    (36, 6,  6 ),
    (37, 7,  1 ),
    (38, 7,  2 ),
    (39, 7,  3 ),
    (40, 7,  4 ),
    (41, 7,  5 ),
    (42, 7,  6 ),
    (43, 8,  1 ),
    (44, 8,  2 ),
    (45, 8,  3 ),
    (46, 8,  4 ),
    (47, 8,  5 ),
    (48, 8,  6 ),
    (49, 9,  1 ),
    (50, 9,  2 ),
    (51, 9,  3 ),
    (52, 9,  4 ),
    (53, 9,  5 ),
    (54, 9,  6 ),
    (55, 10, 1 ),
    (56, 10, 2 ),
    (57, 10, 3 ),
    (58, 10, 4 ),
    (59, 10, 5 ),
    (60, 10, 6 ),
    (61, 11, 1 ),
    (62, 11, 2 ),
    (63, 11, 3 ),
    (64, 11, 4 ),
    (65, 11, 5 ),
    (66, 11, 6 ),
    (67, 11, 8 ),
    (68, 12, 1 ),
    (69, 12, 2 ),
    (70, 12, 3 ),
    (71, 12, 4 ),
    (72, 12, 5 ),
    (73, 12, 6 ),
    (74, 12, 9 ),
    (75, 13, 1 ),
    (76, 13, 2 ),
    (77, 13, 3 ),
    (78, 13, 4 ),
    (79, 13, 5 ),
    (80, 13, 6 ),
    (81, 13, 10),
    (82, 14, 1 ),
    (83, 14, 2 ),
    (84, 14, 3 ),
    (85, 14, 4 ),
    (86, 14, 5 ),
    (87, 14, 6 ),
    (88, 14, 11),
    (89, 15, 7 );

INSERT INTO
    country (id, name, api_name)
VALUES
    (1, 'Portugal',       'portugal'     ),
    (2, 'Espanha',        'spain'        ),
    (3, 'França',         'france'       ),
    (4, 'Alemanha',       'germany'      ),
    (5, 'Itália',         'italy'        ),
    (6, 'Brasil',         'brazil'       ),
    (7, 'Estados Unidos', 'united-states'),
    (8, 'Austrália',      'australia'    );

INSERT INTO
    city (id, country_id, name, api_name)
VALUES
    (1,  1, 'Lisbon',    'lisbon'   ),
    (2,  1, 'Odivelas',  'odivelas' ),
    (3,  1, 'Loures',    'loures'   ),
    (4,  1, 'Porto',     'porto'    ),
    (5,  1, 'Braga',     'braga'    ),
    (6,  1, 'Coimbra',   'coimbra'  ),
    (7,  2, 'Madrid',    'madrid'   ),
    (8,  2, 'Barcelona', 'barcelona'),
    (9,  2, 'Valencia',  'valencia' ),
    (10, 5, 'Roma',      'rome'     ),
    (11, 5, 'Milão',     'milan'    );

INSERT INTO
    access (id, name, api_name)
VALUES
    (1, 'Publico',              'public'        ),
    (2, 'Privado',              'private'       ),
    (3, 'Somente Consumidores', 'consumers-only');

INSERT INTO
    type_report_toilet (id, name, api_name)
VALUES
    (1, 'Informação Falsa',        'fake-information'     ),
    (2, 'Condições Insalubres',    'unsanitary-conditions'),
    (3, 'Violação de Privacidade', 'privacy-violation'    ),
    (4, 'Manutenção Necessária',   'maintenance-needed'   ),
    (5, 'Instalações Quebradas',   'damaged-equipment'    ),
    (6, 'Outros',                  'others'               );

INSERT INTO
    type_report_comment (id, name, api_name)
VALUES
    (1, 'Não é Útil',            'not-useful'           ),
    (2, 'Informação Falsa',      'fake-information'     ),
    (3, 'Conteúdo Inapropriado', 'inappropriate-content'),
    (4, 'Conteúdo Ofensivo',     'offensive-content'    ),
    (5, 'Spam',                  'spam'                 ),
    (6, 'Outros',                'others'               );

INSERT INTO
    type_report_user (id, name, api_name)
VALUES
    (1, 'Assédio',                 'harassment-abuse' ),
    (2, 'Conta Falsa',             'fake-account'     ),
    (3, 'Personificação',          'impersonation'    ),
    (4, 'Discurso de Ódio',        'hate-speech'      ),
    (5, 'Violação de Privacidade', 'privacy-violation'),
    (6, 'Spam',                    'spam'             ),
    (7, 'Outros',                  'others'           );

INSERT INTO
    type_extra (id, name, api_name)
VALUES
    (1, 'Acessível para Cadeiras de Rodas',        'wheelchair-accessible'           ),
    (2, 'Estação de Troca de Fraldas',             'baby-changing-station'           ),
    (3, 'Estacionamento para Deficientes',         'disabled-parking'                ),
    (4, 'Acessibilidade para Deficientes Visuais', 'accessible-for-visually-impaired');

INSERT INTO
    toilet (id, city_id, access_id, name, latitude, longitude, address, photo_url, place_id, status)
VALUES
    (1,  1, 2, 'IADE - Creative University',              38.707291, -9.152416, 'Av. Dom Carlos I 4, 1200-649 Lisboa',                  'http://localhost/files/toilets/00aa7ce1-83c1-4c56-b590-cba43692c753.jpg', 'ChIJMxD6jIM0GQ0RRoKIkWyW3jY', 'active'),
    (2,  1, 3, 'McDonalds - D. Carlos I',                 38.707358, -9.152867, 'Av. Dom Carlos I 17-25, 1200-000 Lisboa',              'http://localhost/files/toilets/10d1de99-5d30-4733-b9ec-5eb13bd8c48f.jpg', 'ChIJkX3pl4M0GQ0RmvtqSz_M6Ac', 'active'),
    (3,  1, 1, 'Time Out Market Lisboa',                  38.707194, -9.145701, 'Mercado da Ribeira, Av. 24 de Julho, 1200-479 Lisboa', 'http://localhost/files/toilets/1be72130-7491-406a-bb8d-779b7783bf0f.jpg', 'ChIJdWBeWYc0GQ0RktxySU7hjxM', 'active'),
    (4,  2, 1, 'Strada Outlet',                           38.782470, -9.192529, 'Casal do Troca, Estr. da Paiã, 2675-626 Odivelas',     'http://localhost/files/toilets/217803f3-84ca-4fab-834c-0d98b614da72.jpg', 'ChIJB6sGWU3NHg0RUUfwGZX-tb0', 'active'),
    (5,  2, 3, 'McDonalds Odivelas',                      38.794569, -9.181331, 'Av. Prof. Dr. Augusto Abreu Lopes, 2675-462 Odivelas', 'http://localhost/files/toilets/26cbb667-9fb2-47b3-8a01-bf7ea9e94266.jpg', 'ChIJ51HiTFYtGQ0R5XIhuMsfLVY', 'active'),
    (6,  3, 1, 'LoureShopping',                           38.834388, -9.156086, 'Av. Descobertas 90, 2670-457 Loures',                  'http://localhost/files/toilets/30dbaf2d-e53b-4a46-ad89-fef5f902cb0f.jpg', 'ChIJrxCvrgItGQ0RiX2Lccb5AbA', 'active'),
    (7,  1, 3, '100 Montaditos Cais do Sodré',            38.707191, -9.147277, 'Praça Dom Luís I 10, 1200-161 Lisboa',                 'http://localhost/files/toilets/38611c8a-5150-4aae-a748-1a22b0009c52.jpg', 'ChIJDZLYNoc0GQ0RKL07B4OQXME', 'active'),
    (8,  1, 1, 'Centro Comercial Colombo',                38.753753, -9.188466, 'Av. Lusíada, 1500-392 Lisboa',                         'http://localhost/files/toilets/48941bc0-2df1-4b5b-ac5c-b50288821d55.jpg', 'ChIJX27wACozGQ0RHKvYBbB0d8Y', 'active'),
    (9,  1, 2, 'Estádio José Alvalade',                   38.761397, -9.161714, 'Rua Professor Fernando da Fonseca, 1501-806 Lisboa',   'http://localhost/files/toilets/49f1c86d-19dd-4bb4-b867-c3aae60b1cb0.jpg', 'ChIJmyqqteUyGQ0RIo99WTWA_sQ', 'active'),
    (10, 1, 2, 'Museu de Lisbon',                         38.758593, -9.156390, 'Campo Grande 245, 1700-091 Lisboa',                    'http://localhost/files/toilets/4e0aea75-e3cf-4d6c-bcc4-d4f9628b496d.jpg', 'ChIJXZfOrvwyGQ0RsitHFwmsKBk', 'active'),
    (11, 1, 1, 'Jardim Zoológico de Lisboa',              38.743267, -9.169150, 'Praça Marechal Humberto Delgado, 1549-004 Lisboa',     'http://localhost/files/toilets/6cdddf3a-8489-4547-8cb2-65f7aa5f2f31.jpg', 'ChIJd6QCpSMzGQ0RXdLwrXreq0Q', 'active'),
    (12, 1, 2, 'Oceanário de Lisboa',                     38.763777, -9.093634, 'Esplanada Dom Carlos I s/nº, 1990-005 Lisboa',         'http://localhost/files/toilets/72cc63ee-5475-4b7d-b739-cd18015cde01.jpg', 'ChIJCVgOdYMxGQ0RMOFiOmcuP5g', 'active'),
    (13, 1, 2, 'Casino Lisboa',                           38.764799, -9.096570, 'Alameda dos Oceanos 45, 1990-204 Lisboa',              'http://localhost/files/toilets/821f63f6-ca81-498d-98c0-c92ad321cc8c.jpg', 'ChIJ8SDZi4wxGQ0RoDZJ5_249Ck', 'active'),
    (14, 2, 1, 'Pingo Doce Póvoa de Santo Adrião',        38.795648, -9.167641, 'R. Júlio Borba, 2620-096 Póvoa de Santo Adrião',       'http://localhost/files/toilets/84ca6e37-8f7f-4fe6-903c-4406ab35084c.jpg', 'ChIJu7ldCWAtGQ0RPfAOh0c4Ykc', 'active'),
    (15, 2, 3, 'Espiga Dourada',                          38.792340, -9.174206, 'R. José Gomes Monteiro 3A, 2675-395 Odivelas',         'http://localhost/files/toilets/99d465a8-850e-4822-9e4b-403c535db3d7.jpg', 'ChIJt05-R6cyGQ0R1i9MIVLZPqE', 'active'),
    (16, 1, 3, 'ZeroZero',                                38.764221, -9.095761, 'Lote 2, 11.01H, 1990-225 Lisboa',                      'http://localhost/files/toilets/a069ccea-9ede-4a4c-81cb-c8cba801f42b.jpg', 'ChIJczRB3n4xGQ0RJwB-SS4UOQI', 'active'),
    (17, 1, 1, 'Pavilhão do Conhecimento - Ciência Viva', 38.762442, -9.095872, 'Largo José Mariano Gago nº1, 1990-073 Lisboa',         'http://localhost/files/toilets/a598d5b3-3dc7-4d11-a1eb-8b05d8099e62.jpg', 'ChIJrdyrGYkxGQ0RyGeLfnIBiRY', 'active'),
    (18, 1, 1, 'El Corte Inglés Lisboa',                  38.733321, -9.153795, 'Av. António Augusto de Aguiar 31, 1069-413 Lisboa',    'http://localhost/files/toilets/a923231a-b61d-4331-9f64-26dd1db564d9.jpg', 'ChIJa1VVFQszGQ0RUruyluObH98', 'active'),
    (19, 1, 2, 'Museum',                                  40.717000, -74.00100, '400 Museum Ave',                                       'http://localhost/files/toilets/c69534a0-6bcb-4df4-8e0d-78fe4cc4ee6a.jpg', NULL,                          'active'),
    (20, 1, 1, 'Zoo',                                     40.718000, -74.00000, '500 Zoo Ln',                                           'http://localhost/files/toilets/d83e46ce-e4ca-4433-95c0-8d2f8d55a7f2.jpg', NULL,                          'active'),
    (21, 1, 1, 'Riverfront',                              40.716000, -74.00200, '300 Riverfront Blvd',                                  'http://localhost/files/toilets/e5cf1c9a-f79f-4904-9d85-ae8dc7b0efed.jpg', NULL,                          'active');

INSERT INTO
    interaction (id, user_id, toilet_id, discriminator)
VALUES
    (1,   1,  1,  'comment'),
    (2,   3,  1,  'comment'),
    (3,   4,  1,  'comment'),
    (4,   5,  1,  'comment'),
    (5,   7,  1,  'comment'),
    (6,   8,  1,  'comment'),
    (7,   9,  1,  'comment'),
    (8,   10, 1,  'comment'),
    (9,   11, 1,  'comment'),
    (10,  13, 1,  'comment'),
    (11,  15, 1,  'comment'),
    (12,  1,  2,  'comment'),
    (13,  2,  2,  'comment'),
    (14,  3,  2,  'comment'),
    (15,  4,  2,  'comment'),
    (16,  6,  2,  'comment'),
    (17,  7,  2,  'comment'),
    (18,  8,  2,  'comment'),
    (19,  9,  2,  'comment'),
    (20,  10, 2,  'comment'),
    (21,  11, 2,  'comment'),
    (22,  12, 2,  'comment'),
    (23,  2,  3,  'comment'),
    (24,  3,  3,  'comment'),
    (25,  4,  3,  'comment'),
    (26,  5,  3,  'comment'),
    (27,  6,  3,  'comment'),
    (28,  11, 3,  'comment'),
    (29,  12, 3,  'comment'),
    (30,  13, 3,  'comment'),
    (31,  14, 3,  'comment'),
    (32,  1,  4,  'comment'),
    (33,  2,  4,  'comment'),
    (34,  3,  4,  'comment'),
    (35,  4,  4,  'comment'),
    (36,  5,  4,  'comment'),
    (37,  6,  4,  'comment'),
    (38,  9,  4,  'comment'),
    (39,  14, 4,  'comment'),
    (40,  15, 4,  'comment'),
    (41,  1,  5,  'comment'),
    (42,  2,  5,  'comment'),
    (43,  3,  5,  'comment'),
    (44,  4,  5,  'comment'),
    (45,  5,  5,  'comment'),
    (46,  6,  5,  'comment'),
    (47,  10, 5,  'comment'),
    (48,  11, 5,  'comment'),
    (49,  12, 5,  'comment'),
    (50,  13, 5,  'comment'),
    (51,  14, 5,  'comment'),
    (52,  1,  6,  'comment'),
    (53,  6,  6,  'comment'),
    (54,  7,  6,  'comment'),
    (55,  8,  6,  'comment'),
    (56,  11, 6,  'comment'),
    (57,  15, 6,  'comment'),
    (58,  5,  7,  'comment'),
    (59,  6,  7,  'comment'),
    (60,  7,  7,  'comment'),
    (61,  10, 7,  'comment'),
    (62,  11, 7,  'comment'),
    (63,  12, 7,  'comment'),
    (64,  13, 7,  'comment'),
    (65,  15, 7,  'comment'),
    (66,  1,  8,  'comment'),
    (67,  2,  8,  'comment'),
    (68,  3,  8,  'comment'),
    (69,  9,  8,  'comment'),
    (70,  10, 8,  'comment'),
    (71,  11, 8,  'comment'),
    (72,  15, 8,  'comment'),
    (73,  1,  9,  'comment'),
    (74,  7,  9,  'comment'),
    (75,  8,  9,  'comment'),
    (76,  9,  9,  'comment'),
    (77,  12, 9,  'comment'),
    (78,  13, 9,  'comment'),
    (79,  14, 9,  'comment'),
    (80,  15, 9,  'comment'),
    (81,  1,  10, 'comment'),
    (82,  5,  10, 'comment'),
    (83,  6,  10, 'comment'),
    (84,  7,  10, 'comment'),
    (85,  8,  10, 'comment'),
    (86,  9,  10, 'comment'),
    (87,  10, 10, 'comment'),
    (88,  4,  11, 'comment'),
    (89,  8,  11, 'comment'),
    (90,  9,  11, 'comment'),
    (91,  10, 11, 'comment'),
    (92,  11, 11, 'comment'),
    (93,  4,  12, 'comment'),
    (94,  5,  12, 'comment'),
    (95,  9,  12, 'comment'),
    (96,  10, 12, 'comment'),
    (97,  1,  13, 'comment'),
    (98,  2,  13, 'comment'),
    (99,  3,  13, 'comment'),
    (100, 7,  13, 'comment'),
    (101, 8,  13, 'comment'),
    (102, 9,  13, 'comment'),
    (103, 12, 13, 'comment'),
    (104, 13, 13, 'comment'),
    (105, 14, 13, 'comment'),
    (106, 2,  14, 'comment'),
    (107, 3,  14, 'comment'),
    (108, 7,  14, 'comment'),
    (109, 10, 14, 'comment'),
    (110, 11, 14, 'comment'),
    (111, 14, 14, 'comment'),
    (112, 15, 14, 'comment'),
    (113, 2,  15, 'comment'),
    (114, 3,  15, 'comment'),
    (115, 4,  15, 'comment'),
    (116, 8,  15, 'comment'),
    (117, 11, 15, 'comment'),
    (118, 12, 15, 'comment'),
    (119, 13, 15, 'comment'),
    (120, 1,  16, 'comment'),
    (121, 2,  16, 'comment'),
    (122, 7,  16, 'comment'),
    (123, 8,  16, 'comment'),
    (124, 12, 16, 'comment'),
    (125, 13, 16, 'comment'),
    (126, 14, 16, 'comment'),
    (127, 1,  17, 'comment'),
    (128, 2,  17, 'comment'),
    (129, 6,  17, 'comment'),
    (130, 7,  17, 'comment'),
    (131, 8,  17, 'comment'),
    (132, 9,  17, 'comment'),
    (133, 15, 17, 'comment'),
    (134, 2,  18, 'comment'),
    (135, 3,  18, 'comment'),
    (136, 4,  18, 'comment'),
    (137, 5,  18, 'comment'),
    (138, 6,  18, 'comment'),
    (139, 9,  18, 'report' ),
    (140, 10, 18, 'report' ),
    (141, 11, 18, 'report' ),
    (142, 3,  19, 'report' ),
    (143, 4,  19, 'report' ),
    (144, 5,  19, 'report' ),
    (145, 1,  20, 'report' ),
    (146, 3,  20, 'report' ),
    (147, 13, 21, 'report' ),
    (148, 5,  21, 'report' ),
    (149, 6,  21, 'report' ),
    (150, 7,  21, 'report' );

INSERT INTO
    report_toilet (id, type_report_toilet_id, interaction_id)
VALUES
    (1,  1, 139),
    (2,  1, 140),
    (3,  1, 141),
    (4,  1, 142),
    (5,  1, 143),
    (6,  1, 144),
    (7,  1, 145),
    (8,  4, 146),
    (9,  4, 147),
    (10, 5, 148),
    (11, 5, 149),
    (12, 5, 150);

INSERT INTO
    extra (id, toilet_id, type_extra_id)
VALUES
    (1, 2, 1),
    (2, 4, 1),
    (3, 4, 2),
    (4, 8, 1),
    (5, 8, 2),
    (6, 8, 3);

INSERT INTO
    comment (id, interaction_id, text, score)
VALUES
    (1,   1,   'Muito limpo e bem cuidado. Fiquei impressionado com o capricho!',          0),
    (2,   2,   'Os dispensers de sabão estavam vazios, mas o espaço estava limpo.',        0),
    (3,   3,   'Banheiro pequeno e com pouco acesso para cadeirantes.',                    0),
    (4,   4,   'Higiene impecável, mas poderia ter espelho maior.',                        0),
    (5,   5,   'A pia estava entupida e com muita água acumulada, precisa de manutenção.', 0),
    (6,   6,   'Banheiro excelente, tudo funcionando perfeitamente!',                      0),
    (7,   7,   'Faltou papel higiênico, mas o ambiente estava limpo.',                     0),
    (8,   8,   'Precisa de mais iluminação, mas é acessível e limpo.',                     0),
    (9,   9,   'Espaço apertado e com odor forte, não gostei.',                            0),
    (10,  10,  'Banheiro limpo e cheiroso, dá até gosto de usar.',                         0),
    (11,  11,  'Tudo estava funcionando, mas o chão estava escorregadio.',                 0),
    (12,  12,  'Faltou sabonete líquido, mas havia álcool gel como alternativa.',          0),
    (13,  13,  'O banheiro é muito antigo e precisa de reforma urgente.',                  0),
    (14,  14,  'Ótimo espaço e boa ventilação, mas faltou atenção à limpeza.',             0),
    (15,  15,  'Não havia papel toalha, mas os secadores de mão funcionaram bem.',         0),
    (16,  16,  'Espaço pequeno e com fila, mas organizado.',                               0),
    (17,  17,  'Cheiro ruim e muito sujo, precisa melhorar urgentemente.',                 0),
    (18,  18,  'Padrão excelente, com boa acessibilidade.',                                0),
    (19,  19,  'Chão molhado, mas AS cabines estavam limpas.',                             0),
    (20,  20,  'Banheiro bem iluminado, mas com filas muito longas.',                      0),
    (21,  21,  'Estrutura antiga e com cheiro forte.',                                     0),
    (22,  22,  'O dispenser de papel não funcionava.',                                     0),
    (23,  23,  'Muito bom! Limpo, organizado e bem iluminado.',                            0),
    (24,  24,  'Sem ventilação, mas tudo estava funcionando bem.',                         0),
    (25,  25,  'Limpo, mas o chão estava um pouco escorregadio.',                          0),
    (26,  26,  'Banheiro estava limpo, mas sem papel.',                                    0),
    (27,  27,  'Espaço ótimo, mas o sabão acabou.',                                        0),
    (28,  28,  'Muito apertado, mas limpo.',                                               0),
    (29,  29,  'Precisa de reformas, mas estava utilizável.',                              0),
    (30,  30,  'Ótima experiência, banheiro limpo e bem iluminado.',                       0),
    (31,  31,  'Sem papel toalha e espelho quebrado.',                                     0),
    (32,  32,  'Espaço amplo e bem cuidado, perfeito!',                                    0),
    (33,  33,  'Havia alguns vazamentos, mas estava limpo.',                               0),
    (34,  34,  'Espaço acessível, mas o dispenser de sabonete não funcionava.',            0),
    (35,  35,  'Faltou papel higiênico e o chão estava molhado.',                          0),
    (36,  36,  'Muito bom, limpo e bem organizado.',                                       0),
    (37,  37,  'O banheiro era bom, mas poderia ser mais espaçoso.',                       0),
    (38,  38,  'O ambiente estava limpo, mas a ventilação era ruim.',                      0),
    (39,  39,  'Banheiro limpo e com bons acessos para cadeirantes.',                      0),
    (40,  40,  'Muito básico, precisa de melhorias na estrutura.',                         0),
    (41,  41,  'Sem espelho e com saboneteira quebrada.',                                  0),
    (42,  42,  'Ambiente amplo e bem cuidado, perfeito!',                                  0),
    (43,  43,  'Havia fila, mas o banheiro estava limpo.',                                 0),
    (44,  44,  'Muito sujo, com lixo acumulado e sem papel.',                              0),
    (45,  45,  'Boa iluminação, mas faltou papel higiênico.',                              0),
    (46,  46,  'Banheiro bem equipado e limpo.',                                           0),
    (47,  47,  'Chão muito molhado e odor forte.',                                         0),
    (48,  48,  'Espaço pequeno, mas funcional.',                                           0),
    (49,  49,  'Limpo e com boa ventilação. Gostei muito!',                                0),
    (50,  50,  'O banheiro estava em boas condições, mas com pouca iluminação.',           0),
    (51,  51,  'Faltou papel e o sabonete acabou.',                                        0),
    (52,  52,  'Estrutura boa, mas precisa de limpeza mais frequente.',                    0),
    (53,  53,  'Havia filas, mas o ambiente estava limpo e organizado.',                   0),
    (54,  54,  'Muito bom! Banheiro limpo e bem cuidado.',                                 0),
    (55,  55,  'Sem papel toalha e com cheiro forte.',                                     0),
    (56,  56,  'Faltou sabonete, mas o ambiente era espaçoso.',                            0),
    (57,  57,  'Ambiente bem iluminado e limpo.',                                          0),
    (58,  58,  'Havia alguns vazamentos, mas estava limpo.',                               0),
    (59,  59,  'Precisa de mais atenção na limpeza, principalmente NO chão.',              0),
    (60,  60,  'Banheiro pequeno, mas com todos os itens disponíveis.',                    0),
    (61,  61,  'O banheiro estava limpo, mas o ar-condicionado não funcionava.',           0),
    (62,  62,  'Boa acessibilidade, mas faltavam toalhas de papel.',                       0),
    (63,  63,  'Ambiente limpo, mas precisava de mais cabines.',                           0),
    (64,  64,  'Espaço agradável e muito limpo.',                                          0),
    (65,  65,  'Chão escorregadio, mas com boa estrutura.',                                0),
    (66,  66,  'Banheiro bem organizado, mas com odor desagradável.',                      0),
    (67,  67,  'Faltou papel higiênico, mas o banheiro estava limpo.',                     0),
    (68,  68,  'Ambiente muito limpo e bem iluminado.',                                    0),
    (69,  69,  'Ambiente bem cuidado, mas o chão estava molhado.',                         0),
    (70,  70,  'Espaço amplo e limpo, gostei.',                                            0),
    (71,  71,  'Banheiro bem iluminado, mas sem papel higiênico.',                         0),
    (72,  72,  'Muito básico, mas limpo.',                                                 0),
    (73,  73,  'Chão muito molhado e odor forte.',                                         0),
    (74,  74,  'Banheiro bem cuidado e acessível.',                                        0),
    (75,  75,  'Faltou papel higiênico, mas o ambiente estava limpo.',                     0),
    (76,  76,  'Banheiro limpo, mas sem papel higiênico.',                                 0),
    (77,  77,  'Muito bom, mas precisa de mais iluminação.',                               0),
    (78,  78,  'Espaço pequeno, mas funcional.',                                           0),
    (79,  79,  'Banheiro bem cuidado e acessível.',                                        0),
    (80,  80,  'Banheiro bem localizado, mas precisa de mais manutenção.',                 0),
    (81,  81,  'Muito bom, mas faltou papel higiênico.',                                   0),
    (82,  82,  'Espaço pequeno, mas bem organizado.',                                      0),
    (83,  83,  'Banheiro limpo, mas sem papel toalha.',                                    0),
    (84,  84,  'Muito bom, mas precisa de mais iluminação.',                               0),
    (85,  85,  'Espaço amplo e bem cuidado, perfeito!',                                    0),
    (86,  86,  'Havia fila, mas o banheiro estava limpo.',                                 0),
    (87,  87,  'Muito sujo, com lixo acumulado e sem papel.',                              0),
    (88,  88,  'Boa iluminação, mas faltou papel higiênico.',                              0),
    (89,  89,  'Banheiro bem equipado e limpo.',                                           0),
    (90,  90,  'Chão muito molhado e odor forte.',                                         0),
    (91,  91,  'Espaço pequeno, mas funcional.',                                           0),
    (92,  92,  'Limpo e com boa ventilação. Gostei muito!',                                0),
    (93,  93,  'O banheiro estava em boas condições, mas com pouca iluminação.',           0),
    (94,  94,  'Faltou papel e o sabonete acabou.',                                        0),
    (95,  95,  'Estrutura boa, mas precisa de limpeza mais frequente.',                    0),
    (96,  96,  'Havia filas, mas o ambiente estava limpo e organizado.',                   0),
    (97,  97,  'Muito bom! Banheiro limpo e bem cuidado.',                                 0),
    (98,  98,  'O banheiro estava bem ventilado e limpo.',                                 0),
    (99,  99,  'Faltou sabonete líquido, mas o LOCAL estava organizado.',                  0),
    (100, 100, 'Espaço limpo, porém a iluminação era fraca.',                              0),
    (101, 101, 'Banheiro moderno e bem equipado.',                                         0),
    (102, 102, 'O chão estava escorregadio após a limpeza.',                               0),
    (103, 103, 'Boa acessibilidade para cadeirantes e ambiente limpo.',                    0),
    (104, 104, 'Faltou papel higiênico e o sabão estava vazio.',                           0),
    (105, 105, 'Ambiente limpo e bem iluminado, ótimo para uso.',                          0),
    (106, 106, 'O banheiro estava sujo e o banheiro deixou a desejar.',                    0),
    (107, 107, 'Banheiro espaçoso e com todos os itens funcionando.',                      0),
    (108, 108, 'O banheiro estava sujo e precisava de limpeza urgente.',                   0),
    (109, 109, 'Faltou sabonete e papel higiênico novamente.',                             0),
    (110, 110, 'Banheiro bem iluminado, mas a limpeza deixou a desejar.',                  0),
    (111, 111, 'Espaço pequeno e sujo, não recomendo.',                                    0),
    (112, 112, 'Banheiro limpo e organizado, ótimo para uso.',                             0),
    (113, 113, 'Faltou papel higiênico e o sabonete estava vazio.',                        0),
    (114, 114, 'Ambiente sujo e com mau cheiro.',                                          0),
    (115, 115, 'Banheiro bem conservado e acessível.',                                     0),
    (116, 116, 'Falta de limpeza e papel higiênico.',                                      0),
    (117, 117, 'Banheiro organizado, mas com iluminação fraca.',                           0),
    (118, 118, 'Limpo e com todos os itens funcionando.',                                  0),
    (119, 119, 'Banheiro sujo e com falta de manutenção.',                                 0),
    (120, 120, 'Ambiente limpo e bem ventilado.',                                          0),
    (121, 121, 'Faltou sabonete e o chão estava molhado.',                                 0),
    (122, 122, 'Banheiro bem iluminado e limpo.',                                          0),
    (123, 123, 'Ambiente desorganizado e sujo.',                                           0),
    (124, 124, 'Banheiro limpo, mas faltou papel higiênico.',                              0),
    (125, 125, 'Espaço limpo e com boa acessibilidade.',                                   0),
    (126, 126, 'Chão escorregadio e falta de sabonete.',                                   0),
    (127, 127, 'Banheiro bem conservado e sempre limpo.',                                  0),
    (128, 128, 'Falta de limpeza e manutenção constante.',                                 0),
    (129, 129, 'Ambiente limpo e organizado, muito bom.',                                  0),
    (130, 130, 'Banheiro sujo e sem itens essenciais.',                                    0),
    (131, 131, 'Banheiro limpo e com todos os itens disponíveis.',                         0),
    (132, 132, 'Faltou papel higiênico e sabão líquido.',                                  0),
    (133, 133, 'Ambiente limpo, mas a ventilação é ruim.',                                 0),
    (134, 134, 'Banheiro desorganizado e sujo.',                                           0),
    (135, 135, 'Espaço limpo e com boa iluminação.',                                       0),
    (136, 136, 'Faltou sabonete e o chão estava molhado.',                                 0),
    (137, 137, 'Banheiro bem cuidado e sempre limpo.',                                     0),
    (138, 138, 'Ambiente sujo e com mau cheiro.',                                          0);

INSERT INTO
    comment_rate(id, clean, paper, structure, accessibility)
VALUES
    (1,   5, TRUE,  4, 4),
    (2,   4, TRUE,  3, 3),
    (3,   2, TRUE,  2, 1),
    (4,   5, TRUE,  3, 4),
    (5,   2, TRUE,  1, 3),
    (6,   5, TRUE,  5, 5),
    (7,   3, FALSE, 4, 2),
    (8,   4, TRUE,  3, 5),
    (9,   1, TRUE,  1, 1),
    (10,  5, TRUE,  5, 4),
    (11,  3, TRUE,  3, 3),
    (12,  4, TRUE,  4, 3),
    (13,  2, TRUE,  1, 2),
    (14,  3, TRUE,  4, 5),
    (15,  4, FALSE, 5, 5),
    (16,  3, TRUE,  3, 2),
    (17,  1, TRUE,  1, 1),
    (18,  5, TRUE,  5, 5),
    (19,  4, TRUE,  4, 3),
    (20,  3, TRUE,  4, 4),
    (21,  2, TRUE,  2, 2),
    (22,  3, FALSE, 4, 3),
    (23,  5, TRUE,  5, 5),
    (24,  4, TRUE,  3, 3),
    (25,  4, TRUE,  4, 4),
    (26,  3, FALSE, 4, 3),
    (27,  4, TRUE,  4, 5),
    (28,  3, TRUE,  2, 3),
    (29,  2, TRUE,  2, 3),
    (30,  5, TRUE,  5, 5),
    (31,  4, FALSE, 3, 3),
    (32,  5, TRUE,  5, 5),
    (33,  3, TRUE,  2, 3),
    (34,  3, TRUE,  5, 5),
    (35,  2, FALSE, 2, 3),
    (36,  5, TRUE,  5, 5),
    (37,  4, TRUE,  3, 4),
    (38,  4, TRUE,  3, 2),
    (39,  5, TRUE,  5, 5),
    (40,  3, TRUE,  2, 3),
    (41,  3, TRUE,  2, 3),
    (42,  5, TRUE,  5, 5),
    (43,  4, TRUE,  3, 4),
    (44,  1, FALSE, 1, 2),
    (45,  3, FALSE, 4, 3),
    (46,  5, TRUE,  5, 4),
    (47,  4, TRUE,  4, 4),
    (48,  4, TRUE,  3, 3),
    (49,  5, TRUE,  5, 5),
    (50,  4, TRUE,  4, 4),
    (51,  3, FALSE, 3, 3),
    (52,  3, TRUE,  4, 4),
    (53,  4, TRUE,  4, 4),
    (54,  5, TRUE,  5, 5),
    (55,  2, FALSE, 2, 2),
    (56,  3, TRUE,  5, 5),
    (57,  5, TRUE,  5, 5),
    (58,  3, TRUE,  2, 3),
    (59,  2, TRUE,  2, 3),
    (60,  4, TRUE,  3, 3),
    (61,  4, TRUE,  3, 3),
    (62,  4, TRUE,  5, 5),
    (63,  4, TRUE,  3, 4),
    (64,  5, TRUE,  5, 5),
    (65,  3, TRUE,  4, 3),
    (66,  4, TRUE,  3, 4),
    (67,  4, FALSE, 4, 3),
    (68,  5, TRUE,  5, 5),
    (69,  4, TRUE,  4, 4),
    (70,  5, TRUE,  5, 5),
    (71,  4, FALSE, 4, 4),
    (72,  3, TRUE,  3, 3),
    (73,  2, TRUE,  2, 2),
    (74,  5, TRUE,  5, 5),
    (75,  4, FALSE, 4, 3),
    (76,  4, FALSE, 4, 3),
    (77,  4, TRUE,  4, 4),
    (78,  3, TRUE,  3, 3),
    (79,  5, TRUE,  5, 5),
    (80,  3, TRUE,  3, 3),
    (81,  4, FALSE, 4, 4),
    (82,  4, TRUE,  3, 3),
    (83,  4, FALSE, 4, 3),
    (84,  4, TRUE,  4, 4),
    (85,  5, TRUE,  5, 5),
    (86,  4, TRUE,  3, 4),
    (87,  1, FALSE, 1, 2),
    (88,  3, FALSE, 4, 3),
    (89,  5, TRUE,  5, 4),
    (90,  4, TRUE,  4, 4),
    (91,  4, TRUE,  3, 3),
    (92,  5, TRUE,  5, 5),
    (93,  4, TRUE,  4, 4),
    (94,  3, FALSE, 3, 3),
    (95,  3, TRUE,  4, 4),
    (96,  4, TRUE,  4, 4),
    (97,  5, TRUE,  5, 5),
    (98,  5, TRUE,  4, 5),
    (99,  4, FALSE, 3, 4),
    (100, 4, TRUE,  3, 3),
    (101, 5, TRUE,  5, 5),
    (102, 3, TRUE,  2, 3),
    (103, 5, TRUE,  4, 5),
    (104, 2, FALSE, 3, 2),
    (105, 5, TRUE,  5, 5),
    (106, 1, FALSE, 1, 1),
    (107, 5, TRUE,  5, 5),
    (108, 2, FALSE, 2, 2),
    (109, 3, FALSE, 3, 3),
    (110, 2, TRUE,  4, 3),
    (111, 1, FALSE, 2, 2),
    (112, 5, TRUE,  5, 5),
    (113, 2, FALSE, 3, 2),
    (114, 1, FALSE, 1, 1),
    (115, 5, TRUE,  5, 5),
    (116, 2, FALSE, 2, 2),
    (117, 4, TRUE,  4, 3),
    (118, 5, TRUE,  5, 5),
    (119, 1, FALSE, 1, 1),
    (120, 5, TRUE,  5, 5),
    (121, 2, FALSE, 3, 2),
    (122, 5, TRUE,  5, 5),
    (123, 1, FALSE, 2, 2),
    (124, 4, FALSE, 4, 4),
    (125, 5, TRUE,  5, 5),
    (126, 2, FALSE, 2, 2),
    (127, 5, TRUE,  5, 5),
    (128, 1, FALSE, 1, 1),
    (129, 5, TRUE,  5, 5),
    (130, 1, FALSE, 2, 2),
    (131, 5, TRUE,  5, 5),
    (132, 2, FALSE, 3, 2),
    (133, 4, TRUE,  4, 3),
    (134, 1, FALSE, 1, 1),
    (135, 5, TRUE,  5, 5),
    (136, 2, FALSE, 2, 2),
    (137, 5, TRUE,  5, 5),
    (138, 1, FALSE, 1, 1);

INSERT INTO
    react (id, user_id, comment_id, discriminator)
VALUES
    (1,   2,  1,  'dislike'),
    (2,   3,  1,  'like'   ),
    (3,   4,  1,  'dislike'),
    (4,   5,  1,  'dislike'),
    (5,   6,  1,  'like'   ),
    (6,   7,  1,  'dislike'),
    (7,   8,  1,  'like'   ),
    (8,   9,  1,  'like'   ),
    (9,   13, 1,  'like'   ),
    (10,  14, 1,  'like'   ),
    (11,  3,  2,  'like'   ),
    (12,  4,  2,  'dislike'),
    (13,  5,  2,  'like'   ),
    (14,  6,  2,  'dislike'),
    (15,  7,  2,  'like'   ),
    (16,  8,  2,  'dislike'),
    (17,  9,  2,  'like'   ),
    (18,  10, 2,  'dislike'),
    (19,  11, 2,  'like'   ),
    (20,  12, 2,  'dislike'),
    (21,  13, 2,  'like'   ),
    (22,  14, 2,  'dislike'),
    (23,  3,  3,  'like'   ),
    (24,  4,  3,  'dislike'),
    (25,  5,  3,  'like'   ),
    (26,  6,  3,  'dislike'),
    (27,  7,  3,  'like'   ),
    (28,  8,  3,  'dislike'),
    (29,  9,  3,  'like'   ),
    (30,  11, 3,  'like'   ),
    (31,  13, 3,  'like'   ),
    (32,  3,  4,  'like'   ),
    (33,  4,  4,  'dislike'),
    (34,  5,  4,  'like'   ),
    (35,  7,  4,  'like'   ),
    (36,  8,  4,  'dislike'),
    (37,  9,  4,  'like'   ),
    (38,  10, 4,  'dislike'),
    (39,  11, 4,  'like'   ),
    (40,  12, 4,  'dislike'),
    (41,  13, 4,  'like'   ),
    (42,  14, 4,  'dislike'),
    (43,  3,  5,  'like'   ),
    (44,  4,  5,  'dislike'),
    (45,  5,  5,  'like'   ),
    (46,  6,  5,  'dislike'),
    (47,  7,  5,  'like'   ),
    (48,  8,  5,  'dislike'),
    (49,  9,  5,  'like'   ),
    (50,  11, 5,  'like'   ),
    (51,  3,  6,  'like'   ),
    (52,  4,  6,  'dislike'),
    (53,  5,  6,  'like'   ),
    (54,  7,  6,  'like'   ),
    (55,  9,  6,  'like'   ),
    (56,  11, 6,  'like'   ),
    (57,  13, 6,  'like'   ),
    (58,  3,  7,  'like'   ),
    (59,  4,  7,  'dislike'),
    (60,  5,  7,  'like'   ),
    (61,  6,  7,  'dislike'),
    (62,  7,  7,  'like'   ),
    (63,  8,  7,  'dislike'),
    (64,  9,  7,  'like'   ),
    (65,  10, 7,  'dislike'),
    (66,  11, 7,  'like'   ),
    (67,  12, 7,  'dislike'),
    (68,  13, 7,  'like'   ),
    (69,  14, 7,  'dislike'),
    (70,  3,  8,  'like'   ),
    (71,  4,  8,  'dislike'),
    (72,  5,  8,  'like'   ),
    (73,  6,  8,  'dislike'),
    (74,  7,  8,  'like'   ),
    (75,  8,  8,  'dislike'),
    (76,  9,  8,  'like'   ),
    (77,  10, 8,  'dislike'),
    (78,  11, 8,  'like'   ),
    (79,  12, 8,  'dislike'),
    (80,  13, 8,  'like'   ),
    (81,  14, 8,  'dislike'),
    (82,  3,  9,  'like'   ),
    (83,  4,  9,  'dislike'),
    (84,  5,  9,  'like'   ),
    (85,  7,  9,  'like'   ),
    (86,  9,  9,  'like'   ),
    (87,  11, 9,  'like'   ),
    (88,  14, 9,  'dislike'),
    (89,  2,  10, 'like'   ),
    (90,  3,  10, 'dislike'),
    (91,  5,  10, 'like'   ),
    (92,  7,  10, 'like'   ),
    (93,  9,  10, 'like'   ),
    (94,  10, 10, 'dislike'),
    (95,  11, 10, 'like'   ),
    (96,  12, 10, 'dislike'),
    (97,  2,  11, 'like'   ),
    (98,  5,  11, 'like'   ),
    (99,  7,  11, 'like'   ),
    (100, 9,  11, 'like'   ),
    (101, 10, 11, 'dislike'),
    (102, 11, 11, 'like'   ),
    (103, 12, 11, 'dislike'),
    (104, 13, 11, 'like'   ),
    (105, 5,  12, 'like'   ),
    (106, 9,  12, 'like'   ),
    (107, 10, 12, 'dislike'),
    (108, 11, 12, 'like'   ),
    (109, 13, 12, 'like'   ),
    (110, 14, 12, 'dislike');
